dataset,question_type,method,relation,examples_with_evidence,avg_facts,mean_within_prompt_share
fdarxbench,fda_factual,bm25,contraindication,27,1.7778,0.2222
fdarxbench,fda_factual,bm25,disease_phenotype_negative,1,1.0,0.125
fdarxbench,fda_factual,bm25,disease_phenotype_positive,43,2.5581,0.3198
fdarxbench,fda_factual,bm25,disease_protein,5,1.8,0.225
fdarxbench,fda_factual,bm25,drug_drug,5,2.8,0.35
fdarxbench,fda_factual,bm25,drug_effect,9,1.7778,0.2222
fdarxbench,fda_factual,bm25,drug_protein,2,2.5,0.3125
fdarxbench,fda_factual,bm25,exposure_disease,2,1.5,0.1875
fdarxbench,fda_factual,bm25,indication,27,1.7778,0.2222
fdarxbench,fda_factual,bm25,instruction_fact,42,1.7857,0.2232
fdarxbench,fda_factual,bm25,label_context,578,7.4031,0.9254
fdarxbench,fda_factual,bm25,off-label use,4,3.0,0.375
fdarxbench,fda_factual,bm25,pathway_protein,3,1.3333,0.1667
fdarxbench,fda_factual,hybrid,contraindication,34,1.7059,0.2132
fdarxbench,fda_factual,hybrid,disease_phenotype_positive,30,2.6333,0.3292
fdarxbench,fda_factual,hybrid,disease_protein,4,2.25,0.2812
fdarxbench,fda_factual,hybrid,drug_drug,14,2.2143,0.2768
fdarxbench,fda_factual,hybrid,drug_effect,12,1.5,0.1875
fdarxbench,fda_factual,hybrid,drug_protein,9,2.1111,0.2639
fdarxbench,fda_factual,hybrid,exposure_disease,2,1.5,0.1875
fdarxbench,fda_factual,hybrid,indication,28,1.8929,0.2366
fdarxbench,fda_factual,hybrid,instruction_fact,13,1.3077,0.1635
fdarxbench,fda_factual,hybrid,label_context,578,7.4775,0.9347
fdarxbench,fda_factual,hybrid,off-label use,4,3.0,0.375
fdarxbench,fda_factual,hybrid,pathway_protein,2,1.5,0.1875
fdarxbench,fda_factual,kg,contraindication,85,2.0706,0.2588
fdarxbench,fda_factual,kg,disease_phenotype_positive,42,2.9286,0.3661
fdarxbench,fda_factual,kg,disease_protein,6,2.3333,0.2917
fdarxbench,fda_factual,kg,drug_drug,84,2.869,0.3586
fdarxbench,fda_factual,kg,drug_effect,25,1.84,0.23
fdarxbench,fda_factual,kg,drug_protein,22,1.8636,0.233
fdarxbench,fda_factual,kg,exposure_disease,4,3.25,0.4062
fdarxbench,fda_factual,kg,indication,38,1.9474,0.2434
fdarxbench,fda_factual,kg,label_context,578,6.6626,0.8391
fdarxbench,fda_factual,kg,off-label use,5,2.6,0.325
fdarxbench,fda_factual,kg,pathway_protein,1,3.0,0.375
fdarxbench,fda_factual,skill_hybrid,contraindication,1,1.0,0.125
fdarxbench,fda_factual,skill_hybrid,label_context,578,7.9983,0.9998
fdarxbench,fda_factual,skill_schema_v1,label_context,578,3.0,1.0
fdarxbench,fda_multihop,bm25,contraindication,5,1.4,0.175
fdarxbench,fda_multihop,bm25,disease_phenotype_negative,1,1.0,0.125
fdarxbench,fda_multihop,bm25,disease_phenotype_positive,11,2.7273,0.3409
fdarxbench,fda_multihop,bm25,disease_protein,1,1.0,0.125
fdarxbench,fda_multihop,bm25,drug_protein,1,2.0,0.25
fdarxbench,fda_multihop,bm25,indication,3,1.6667,0.2083
fdarxbench,fda_multihop,bm25,instruction_fact,19,2.0,0.25
fdarxbench,fda_multihop,bm25,label_context,204,7.549,0.9436
fdarxbench,fda_multihop,bm25,pathway_protein,3,2.6667,0.3333
fdarxbench,fda_multihop,hybrid,contraindication,8,2.0,0.25
fdarxbench,fda_multihop,hybrid,disease_phenotype_negative,1,1.0,0.125
fdarxbench,fda_multihop,hybrid,disease_phenotype_positive,5,3.6,0.45
fdarxbench,fda_multihop,hybrid,drug_drug,2,4.0,0.5
fdarxbench,fda_multihop,hybrid,drug_protein,2,1.5,0.1875
fdarxbench,fda_multihop,hybrid,indication,4,1.25,0.1562
fdarxbench,fda_multihop,hybrid,instruction_fact,9,1.7778,0.2222
fdarxbench,fda_multihop,hybrid,label_context,204,7.6667,0.9583
fdarxbench,fda_multihop,hybrid,phenotype_protein,1,1.0,0.125
fdarxbench,fda_multihop,kg,contraindication,24,1.9167,0.2396
fdarxbench,fda_multihop,kg,disease_phenotype_positive,15,2.2667,0.2833
fdarxbench,fda_multihop,kg,disease_protein,1,1.0,0.125
fdarxbench,fda_multihop,kg,drug_drug,15,2.2,0.275
fdarxbench,fda_multihop,kg,drug_effect,4,1.0,0.125
fdarxbench,fda_multihop,kg,drug_protein,7,1.5714,0.1964
fdarxbench,fda_multihop,kg,exposure_disease,1,2.0,0.25
fdarxbench,fda_multihop,kg,indication,7,1.7143,0.2143
fdarxbench,fda_multihop,kg,label_context,204,7.2549,0.9112
fdarxbench,fda_multihop,kg,pathway_protein,1,1.0,0.125
fdarxbench,fda_multihop,kg,phenotype_protein,1,1.0,0.125
fdarxbench,fda_multihop,skill_hybrid,label_context,204,8.0,1.0
fdarxbench,fda_multihop,skill_schema_v1,label_context,204,4.0,1.0
fdarxbench,fda_refusal,bm25,contraindication,45,4.7556,0.5944
fdarxbench,fda_refusal,bm25,disease_phenotype_negative,1,1.0,0.125
fdarxbench,fda_refusal,bm25,disease_phenotype_positive,38,5.8158,0.727
fdarxbench,fda_refusal,bm25,disease_protein,15,2.0,0.25
fdarxbench,fda_refusal,bm25,drug_drug,16,3.1875,0.3984
fdarxbench,fda_refusal,bm25,drug_effect,3,1.0,0.125
fdarxbench,fda_refusal,bm25,drug_protein,6,2.3333,0.2917
fdarxbench,fda_refusal,bm25,indication,5,1.2,0.15
fdarxbench,fda_refusal,bm25,instruction_fact,14,1.7143,0.2143
fdarxbench,fda_refusal,bm25,label_context,175,6.6686,0.8336
fdarxbench,fda_refusal,bm25,off-label use,5,1.4,0.175
fdarxbench,fda_refusal,bm25,phenotype_protein,3,2.0,0.25
fdarxbench,fda_refusal,hybrid,contraindication,39,4.1282,0.516
fdarxbench,fda_refusal,hybrid,disease_phenotype_negative,1,1.0,0.125
fdarxbench,fda_refusal,hybrid,disease_phenotype_positive,25,5.12,0.64
fdarxbench,fda_refusal,hybrid,disease_protein,11,2.0,0.25
fdarxbench,fda_refusal,hybrid,drug_drug,36,5.0833,0.6354
fdarxbench,fda_refusal,hybrid,drug_effect,3,1.0,0.125
fdarxbench,fda_refusal,hybrid,drug_protein,4,2.75,0.3438
fdarxbench,fda_refusal,hybrid,indication,6,1.1667,0.1458
fdarxbench,fda_refusal,hybrid,instruction_fact,11,1.7273,0.2159
fdarxbench,fda_refusal,hybrid,label_context,180,6.6556,0.8319
fdarxbench,fda_refusal,hybrid,off-label use,3,1.6667,0.2083
fdarxbench,fda_refusal,hybrid,phenotype_protein,3,2.0,0.25
fdarxbench,fda_refusal,kg,contraindication,24,3.0,0.375
fdarxbench,fda_refusal,kg,disease_phenotype_positive,1,6.0,0.75
fdarxbench,fda_refusal,kg,drug_drug,31,5.6452,0.7056
fdarxbench,fda_refusal,kg,drug_effect,3,1.0,0.125
fdarxbench,fda_refusal,kg,indication,6,1.5,0.1875
fdarxbench,fda_refusal,kg,label_context,129,6.0233,0.9186
fdarxbench,fda_refusal,kg,off-label use,1,1.0,0.125
fdarxbench,fda_refusal,kg,phenotype_protein,1,2.0,0.25
fdarxbench,fda_refusal,skill_hybrid,contraindication,21,3.8571,0.4821
fdarxbench,fda_refusal,skill_hybrid,drug_drug,3,3.6667,0.4583
fdarxbench,fda_refusal,skill_hybrid,drug_effect,3,1.0,0.125
fdarxbench,fda_refusal,skill_hybrid,indication,4,1.25,0.1562
fdarxbench,fda_refusal,skill_hybrid,label_context,215,7.6419,0.9552
fdarxbench,fda_refusal,skill_hybrid,off-label use,1,1.0,0.125
fdarxbench,fda_refusal,skill_schema_v1,label_context,218,2.0,1.0
mol_instructions,biomedical_open_qa,bm25,contraindication,28,4.0,0.5
mol_instructions,biomedical_open_qa,bm25,disease_phenotype_negative,2,1.5,0.1875
mol_instructions,biomedical_open_qa,bm25,disease_phenotype_positive,71,3.8732,0.4842
mol_instructions,biomedical_open_qa,bm25,disease_protein,12,2.25,0.2812
mol_instructions,biomedical_open_qa,bm25,drug_drug,13,4.0769,0.5096
mol_instructions,biomedical_open_qa,bm25,drug_effect,8,3.375,0.4219
mol_instructions,biomedical_open_qa,bm25,drug_protein,5,1.8,0.225
mol_instructions,biomedical_open_qa,bm25,exposure_disease,2,3.0,0.375
mol_instructions,biomedical_open_qa,bm25,exposure_protein,1,2.0,0.25
mol_instructions,biomedical_open_qa,bm25,indication,25,3.32,0.415
mol_instructions,biomedical_open_qa,bm25,instruction_fact,186,3.4946,0.4368
mol_instructions,biomedical_open_qa,bm25,label_context,150,3.9467,0.4933
mol_instructions,biomedical_open_qa,bm25,off-label use,5,1.8,0.225
mol_instructions,biomedical_open_qa,bm25,pathway_protein,47,3.1064,0.3883
mol_instructions,biomedical_open_qa,bm25,phenotype_protein,4,1.5,0.1875
mol_instructions,biomedical_open_qa,hybrid,contraindication,28,4.0,0.5
mol_instructions,biomedical_open_qa,hybrid,disease_phenotype_negative,2,1.5,0.1875
mol_instructions,biomedical_open_qa,hybrid,disease_phenotype_positive,71,3.8732,0.4842
mol_instructions,biomedical_open_qa,hybrid,disease_protein,12,2.25,0.2812
mol_instructions,biomedical_open_qa,hybrid,drug_drug,12,3.75,0.4688
mol_instructions,biomedical_open_qa,hybrid,drug_effect,8,3.375,0.4219
mol_instructions,biomedical_open_qa,hybrid,drug_protein,7,2.4286,0.3036
mol_instructions,biomedical_open_qa,hybrid,exposure_disease,2,3.0,0.375
mol_instructions,biomedical_open_qa,hybrid,exposure_protein,2,2.0,0.25
mol_instructions,biomedical_open_qa,hybrid,indication,26,3.2692,0.4087
mol_instructions,biomedical_open_qa,hybrid,instruction_fact,185,3.4811,0.4351
mol_instructions,biomedical_open_qa,hybrid,label_context,150,3.9467,0.4933
mol_instructions,biomedical_open_qa,hybrid,off-label use,5,1.8,0.225
mol_instructions,biomedical_open_qa,hybrid,pathway_protein,48,3.0833,0.3854
mol_instructions,biomedical_open_qa,hybrid,phenotype_protein,4,1.5,0.1875
mol_instructions,biomedical_open_qa,kg,contraindication,1,2.0,0.25
mol_instructions,biomedical_open_qa,kg,drug_drug,1,8.0,1.0
mol_instructions,biomedical_open_qa,kg,drug_protein,3,1.6667,0.4583
mol_instructions,biomedical_open_qa,kg,exposure_protein,1,2.0,0.25
mol_instructions,biomedical_open_qa,kg,indication,1,4.0,0.5
mol_instructions,biomedical_open_qa,kg,off-label use,1,1.0,0.125
mol_instructions,biomedical_open_qa,kg,pathway_protein,1,4.0,0.5
mol_instructions,biomedical_open_qa,skill_hybrid,contraindication,10,4.0,0.5
mol_instructions,biomedical_open_qa,skill_hybrid,disease_phenotype_negative,1,3.0,0.375
mol_instructions,biomedical_open_qa,skill_hybrid,disease_phenotype_positive,34,3.0294,0.3787
mol_instructions,biomedical_open_qa,skill_hybrid,disease_protein,10,2.2,0.275
mol_instructions,biomedical_open_qa,skill_hybrid,drug_drug,3,4.0,0.5
mol_instructions,biomedical_open_qa,skill_hybrid,drug_effect,2,4.5,0.5625
mol_instructions,biomedical_open_qa,skill_hybrid,drug_protein,4,2.5,0.3125
mol_instructions,biomedical_open_qa,skill_hybrid,indication,10,2.0,0.25
mol_instructions,biomedical_open_qa,skill_hybrid,instruction_fact,220,5.6455,0.7057
mol_instructions,biomedical_open_qa,skill_hybrid,label_context,153,3.4771,0.4346
mol_instructions,biomedical_open_qa,skill_hybrid,off-label use,4,1.75,0.2188
mol_instructions,biomedical_open_qa,skill_schema_v1,contraindication,20,2.1,0.7
mol_instructions,biomedical_open_qa,skill_schema_v1,disease_phenotype_negative,1,1.0,0.3333
mol_instructions,biomedical_open_qa,skill_schema_v1,disease_phenotype_positive,62,1.9677,0.6559
mol_instructions,biomedical_open_qa,skill_schema_v1,disease_protein,6,2.1667,0.7222
mol_instructions,biomedical_open_qa,skill_schema_v1,drug_drug,9,1.6667,0.5556
mol_instructions,biomedical_open_qa,skill_schema_v1,drug_effect,3,2.3333,0.7778
mol_instructions,biomedical_open_qa,skill_schema_v1,drug_protein,6,1.3333,0.4444
mol_instructions,biomedical_open_qa,skill_schema_v1,indication,19,2.0,0.6667
mol_instructions,biomedical_open_qa,skill_schema_v1,instruction_fact,165,2.6364,0.8788
mol_instructions,biomedical_open_qa,skill_schema_v1,label_context,23,2.7826,0.9275
mol_instructions,biomedical_open_qa,skill_schema_v1,off-label use,2,2.5,0.8333
mol_instructions,molecule_description,bm25,instruction_fact,54,2.5,0.3125
mol_instructions,molecule_description,bm25,label_context,32,2.0312,0.2539
mol_instructions,molecule_description,bm25,pathway_protein,233,7.7253,0.9657
mol_instructions,molecule_description,hybrid,instruction_fact,17,5.7059,0.7132
mol_instructions,molecule_description,hybrid,label_context,6,6.5,0.8125
mol_instructions,molecule_description,hybrid,pathway_protein,233,8.0,1.0
mol_instructions,molecule_description,kg,pathway_protein,233,8.0,1.0
mol_instructions,molecule_description,skill_hybrid,instruction_fact,250,8.0,1.0
mol_instructions,molecule_description,skill_schema_v1,instruction_fact,250,2.0,1.0
mol_instructions,molecule_design,bm25,contraindication,2,2.5,0.3125
mol_instructions,molecule_design,bm25,disease_phenotype_positive,2,6.5,0.8125
mol_instructions,molecule_design,bm25,drug_drug,1,2.0,0.25
mol_instructions,molecule_design,bm25,drug_protein,2,1.5,0.1875
mol_instructions,molecule_design,bm25,exposure_disease,1,6.0,0.75
mol_instructions,molecule_design,bm25,indication,2,3.0,0.375
mol_instructions,molecule_design,bm25,instruction_fact,249,7.6627,0.9578
mol_instructions,molecule_design,bm25,label_context,19,3.0,0.375
mol_instructions,molecule_design,hybrid,contraindication,3,3.0,0.375
mol_instructions,molecule_design,hybrid,disease_phenotype_positive,2,6.5,0.8125
mol_instructions,molecule_design,hybrid,drug_drug,2,2.0,0.25
mol_instructions,molecule_design,hybrid,drug_protein,2,1.5,0.1875
mol_instructions,molecule_design,hybrid,exposure_disease,1,6.0,0.75
mol_instructions,molecule_design,hybrid,indication,2,3.0,0.375
mol_instructions,molecule_design,hybrid,instruction_fact,249,7.6386,0.9548
mol_instructions,molecule_design,hybrid,label_context,19,3.0,0.375
mol_instructions,molecule_design,kg,contraindication,1,4.0,0.5
mol_instructions,molecule_design,kg,disease_protein,1,6.0,0.75
mol_instructions,molecule_design,kg,drug_drug,1,4.0,0.5
mol_instructions,molecule_design,kg,drug_protein,1,2.0,0.25
mol_instructions,molecule_design,skill_hybrid,instruction_fact,250,8.0,1.0
mol_instructions,molecule_design,skill_schema_v1,instruction_fact,250,1.0,1.0
mol_instructions,molecule_property,bm25,contraindication,53,1.0,0.125
mol_instructions,molecule_property,bm25,disease_phenotype_positive,8,3.25,0.4062
mol_instructions,molecule_property,bm25,instruction_fact,13,4.6923,0.5865
mol_instructions,molecule_property,bm25,label_context,19,2.1579,0.2697
mol_instructions,molecule_property,bm25,pathway_protein,236,7.7076,0.9635
mol_instructions,molecule_property,hybrid,contraindication,3,1.0,0.125
mol_instructions,molecule_property,hybrid,disease_phenotype_positive,8,3.25,0.4062
mol_instructions,molecule_property,hybrid,instruction_fact,13,4.6923,0.5865
mol_instructions,molecule_property,hybrid,label_context,12,2.8333,0.3542
mol_instructions,molecule_property,hybrid,pathway_protein,236,7.9492,0.9936
mol_instructions,molecule_property,kg,pathway_protein,234,8.0,1.0
mol_instructions,molecule_property,skill_hybrid,instruction_fact,250,8.0,1.0
