dataset,question_type,method,source,examples_with_evidence,avg_facts,mean_within_prompt_share
fdarxbench,fda_factual,bm25,drugchat_chembl,9,1.8889,0.2361
fdarxbench,fda_factual,bm25,drugchat_pubchem,36,1.6111,0.2014
fdarxbench,fda_factual,bm25,fdarxbench_label,578,7.4031,0.9254
fdarxbench,fda_factual,bm25,primekg,90,3.0,0.375
fdarxbench,fda_factual,hybrid,drugchat_chembl,4,1.5,0.1875
fdarxbench,fda_factual,hybrid,drugchat_pubchem,9,1.2222,0.1528
fdarxbench,fda_factual,hybrid,fdarxbench_label,578,7.4775,0.9347
fdarxbench,fda_factual,hybrid,primekg,107,2.6636,0.3329
fdarxbench,fda_factual,kg,fdarxbench_label,578,6.6626,0.8391
fdarxbench,fda_factual,kg,primekg,211,3.5261,0.4408
fdarxbench,fda_factual,skill_hybrid,fdarxbench_label,578,7.9983,0.9998
fdarxbench,fda_factual,skill_hybrid,primekg,1,1.0,0.125
fdarxbench,fda_factual,skill_schema_v1,fdarxbench_label,578,3.0,1.0
fdarxbench,fda_multihop,bm25,drugchat_chembl,6,1.1667,0.1458
fdarxbench,fda_multihop,bm25,drugchat_pubchem,16,1.9375,0.2422
fdarxbench,fda_multihop,bm25,fdarxbench_label,204,7.549,0.9436
fdarxbench,fda_multihop,bm25,primekg,19,2.8421,0.3553
fdarxbench,fda_multihop,hybrid,drugchat_chembl,2,1.0,0.125
fdarxbench,fda_multihop,hybrid,drugchat_pubchem,7,2.0,0.25
fdarxbench,fda_multihop,hybrid,fdarxbench_label,204,7.6667,0.9583
fdarxbench,fda_multihop,hybrid,primekg,17,3.0588,0.3824
fdarxbench,fda_multihop,kg,fdarxbench_label,204,7.2549,0.9112
fdarxbench,fda_multihop,kg,primekg,57,2.5439,0.318
fdarxbench,fda_multihop,skill_hybrid,fdarxbench_label,204,8.0,1.0
fdarxbench,fda_multihop,skill_schema_v1,fdarxbench_label,204,4.0,1.0
fdarxbench,fda_refusal,bm25,drugchat_chembl,1,1.0,0.125
fdarxbench,fda_refusal,bm25,drugchat_pubchem,13,1.7692,0.2212
fdarxbench,fda_refusal,bm25,fdarxbench_label,175,6.6686,0.8336
fdarxbench,fda_refusal,bm25,primekg,105,5.2667,0.6583
fdarxbench,fda_refusal,hybrid,drugchat_chembl,1,1.0,0.125
fdarxbench,fda_refusal,hybrid,drugchat_pubchem,10,1.8,0.225
fdarxbench,fda_refusal,hybrid,fdarxbench_label,180,6.6556,0.8319
fdarxbench,fda_refusal,hybrid,primekg,95,5.5474,0.6934
fdarxbench,fda_refusal,kg,fdarxbench_label,129,6.0233,0.9186
fdarxbench,fda_refusal,kg,primekg,38,7.0526,0.8816
fdarxbench,fda_refusal,skill_hybrid,fdarxbench_label,215,7.6419,0.9552
fdarxbench,fda_refusal,skill_hybrid,primekg,25,4.04,0.505
fdarxbench,fda_refusal,skill_schema_v1,fdarxbench_label,218,2.0,1.0
mol_instructions,biomedical_open_qa,bm25,drugchat_chembl,23,3.3913,0.4239
mol_instructions,biomedical_open_qa,bm25,drugchat_pubchem,180,3.1778,0.3972
mol_instructions,biomedical_open_qa,bm25,fdarxbench_label,150,3.9467,0.4933
mol_instructions,biomedical_open_qa,bm25,primekg,146,5.1918,0.649
mol_instructions,biomedical_open_qa,hybrid,drugchat_chembl,23,3.3913,0.4239
mol_instructions,biomedical_open_qa,hybrid,drugchat_pubchem,179,3.162,0.3953
mol_instructions,biomedical_open_qa,hybrid,fdarxbench_label,150,3.9467,0.4933
mol_instructions,biomedical_open_qa,hybrid,primekg,146,5.2329,0.6541
mol_instructions,biomedical_open_qa,kg,primekg,4,6.5,1.0
mol_instructions,biomedical_open_qa,skill_hybrid,drugchat_chembl,72,3.9306,0.4913
mol_instructions,biomedical_open_qa,skill_hybrid,drugchat_pubchem,205,4.678,0.5848
mol_instructions,biomedical_open_qa,skill_hybrid,fdarxbench_label,153,3.4771,0.4346
mol_instructions,biomedical_open_qa,skill_hybrid,primekg,57,3.9649,0.4956
mol_instructions,biomedical_open_qa,skill_schema_v1,drugchat_chembl,19,1.8947,0.6316
mol_instructions,biomedical_open_qa,skill_schema_v1,drugchat_pubchem,157,2.5414,0.8471
mol_instructions,biomedical_open_qa,skill_schema_v1,fdarxbench_label,23,2.7826,0.9275
mol_instructions,biomedical_open_qa,skill_schema_v1,primekg,106,2.3679,0.7893
mol_instructions,molecule_description,bm25,drugchat_chembl,10,6.8,0.85
mol_instructions,molecule_description,bm25,drugchat_pubchem,50,1.34,0.1675
mol_instructions,molecule_description,bm25,fdarxbench_label,32,2.0312,0.2539
mol_instructions,molecule_description,bm25,primekg,233,7.7253,0.9657
mol_instructions,molecule_description,hybrid,drugchat_chembl,9,7.3333,0.9167
mol_instructions,molecule_description,hybrid,drugchat_pubchem,14,2.2143,0.2768
mol_instructions,molecule_description,hybrid,fdarxbench_label,6,6.5,0.8125
mol_instructions,molecule_description,hybrid,primekg,233,8.0,1.0
mol_instructions,molecule_description,kg,primekg,233,8.0,1.0
mol_instructions,molecule_description,skill_hybrid,drugchat_chembl,244,7.5,0.9375
mol_instructions,molecule_description,skill_hybrid,drugchat_pubchem,53,3.2075,0.4009
mol_instructions,molecule_description,skill_schema_v1,drugchat_chembl,112,2.0,1.0
mol_instructions,molecule_description,skill_schema_v1,drugchat_pubchem,138,2.0,1.0
mol_instructions,molecule_design,bm25,drugchat_chembl,4,2.0,0.25
mol_instructions,molecule_design,bm25,drugchat_pubchem,249,7.6305,0.9538
mol_instructions,molecule_design,bm25,fdarxbench_label,19,3.0,0.375
mol_instructions,molecule_design,bm25,primekg,9,3.8889,0.4861
mol_instructions,molecule_design,hybrid,drugchat_chembl,4,2.0,0.25
mol_instructions,molecule_design,hybrid,drugchat_pubchem,249,7.6064,0.9508
mol_instructions,molecule_design,hybrid,fdarxbench_label,19,3.0,0.375
mol_instructions,molecule_design,hybrid,primekg,10,4.1,0.5125
mol_instructions,molecule_design,kg,primekg,2,8.0,1.0
mol_instructions,molecule_design,skill_hybrid,drugchat_chembl,2,1.5,0.1875
mol_instructions,molecule_design,skill_hybrid,drugchat_pubchem,250,7.988,0.9985
mol_instructions,molecule_design,skill_schema_v1,drugchat_chembl,1,1.0,1.0
mol_instructions,molecule_design,skill_schema_v1,drugchat_pubchem,249,1.0,1.0
mol_instructions,molecule_property,bm25,drugchat_pubchem,13,4.6923,0.5865
mol_instructions,molecule_property,bm25,fdarxbench_label,19,2.1579,0.2697
mol_instructions,molecule_property,bm25,primekg,246,7.7154,0.9644
mol_instructions,molecule_property,hybrid,drugchat_pubchem,13,4.6923,0.5865
mol_instructions,molecule_property,hybrid,fdarxbench_label,12,2.8333,0.3542
mol_instructions,molecule_property,hybrid,primekg,246,7.7439,0.968
mol_instructions,molecule_property,kg,primekg,234,8.0,1.0
mol_instructions,molecule_property,skill_hybrid,drugchat_chembl,187,6.6898,0.8362
mol_instructions,molecule_property,skill_hybrid,drugchat_pubchem,124,6.0403,0.755
